File path,Total lines
module-info.java,43
ChartColor.java,149
ChartElement.java,48
ChartElementVisitor.java,47
ChartFactory.java,1870
ChartHints.java,93
ChartRenderingInfo.java,231
ChartTheme.java,51
ChartTransferable.java,231
ChartUtils.java,630
Drawable.java,43
JFreeChart.java,1504
package-info.java,4
StandardChartTheme.java,1644
AbstractAnnotation.java,198
AbstractXYAnnotation.java,186
Annotation.java,57
CategoryAnnotation.java,60
CategoryLineAnnotation.java,390
CategoryPointerAnnotation.java,480
CategoryTextAnnotation.java,246
package-info.java,4
TextAnnotation.java,314
XYAnnotation.java,64
XYAnnotationBoundsInfo.java,64
XYBoxAnnotation.java,342
XYDataImageAnnotation.java,335
XYDrawableAnnotation.java,270
XYImageAnnotation.java,272
XYLineAnnotation.java,331
XYPointerAnnotation.java,494
XYPolygonAnnotation.java,321
XYShapeAnnotation.java,272
XYTextAnnotation.java,583
XYTitleAnnotation.java,359
HorizontalAlignment.java,48
Layer.java,37
LengthAdjustmentType.java,47
package-info.java,4
PublicCloneable.java,53
RectangleAlignment.java,128
RectangleAnchor.java,152
RectangleEdge.java,107
RectangleInsets.java,483
Rotation.java,67
SortOrder.java,44
TableOrder.java,44
UnitType.java,44
VerticalAlignment.java,48
XYCoordinateType.java,53
Axis.java,1536
AxisCollection.java,127
AxisLabelLocation.java,47
AxisLocation.java,81
AxisSpace.java,342
AxisState.java,175
CategoryAnchor.java,48
CategoryAxis.java,1296
CategoryLabelPosition.java,229
CategoryLabelPositions.java,366
CategoryLabelWidthType.java,45
CategoryTick.java,132
CompassFormat.java,140
CyclicNumberAxis.java,1048
DateAxis.java,1670
DateTick.java,120
DateTickMarkPosition.java,53
DateTickUnit.java,317
DateTickUnitType.java,74
ExtendedCategoryAxis.java,230
LogarithmicAxis.java,951
LogAxis.java,965
LogTick.java,72
MarkerAxisBand.java,242
ModuloAxis.java,398
MonthDateFormat.java,230
NumberAxis.java,1024
NumberTick.java,84
NumberTickUnit.java,139
NumberTickUnitSource.java,214
package-info.java,4
PeriodAxis.java,1098
PeriodAxisLabelInfo.java,320
QuarterDateFormat.java,177
StandardTickUnitSource.java,119
SubCategoryAxis.java,397
SymbolAxis.java,681
Tick.java,157
TickType.java,45
TickUnit.java,167
TickUnits.java,195
TickUnitSource.java,74
Timeline.java,133
ValueAxis.java,1523
ValueTick.java,123
AbstractBlock.java,585
Arrangement.java,68
Block.java,101
BlockBorder.java,214
BlockContainer.java,254
BlockFrame.java,60
BlockParams.java,125
BlockResult.java,72
BorderArrangement.java,511
CenterArrangement.java,300
ColorBlock.java,175
ColumnArrangement.java,356
EmptyBlock.java,111
EntityBlockParams.java,54
EntityBlockResult.java,53
FlowArrangement.java,411
GridArrangement.java,408
LabelBlock.java,383
LengthConstraintType.java,52
LineBorder.java,214
package-info.java,4
RectangleConstraint.java,320
Size2D.java,149
MonthConstants.java,65
package-info.java,4
SerialDate.java,856
SpreadsheetDate.java,405
EncoderUtil.java,178
ImageEncoder.java,95
ImageEncoderFactory.java,143
ImageFormat.java,52
package-info.java,4
SunJPEGEncoderAdapter.java,156
SunPNGEncoderAdapter.java,117
AxisEntity.java,191
CategoryItemEntity.java,175
CategoryLabelEntity.java,117
ChartEntity.java,371
EntityCollection.java,95
FlowEntity.java,104
JFreeChartEntity.java,190
LegendItemEntity.java,154
NodeEntity.java,88
package-info.java,4
PieSectionEntity.java,211
PlotEntity.java,190
StandardEntityCollection.java,190
TickLabelEntity.java,57
TitleEntity.java,190
XYAnnotationEntity.java,101
XYItemEntity.java,153
AnnotationChangeEvent.java,66
AnnotationChangeListener.java,50
AxisChangeEvent.java,62
AxisChangeListener.java,55
ChartChangeEvent.java,115
ChartChangeEventType.java,47
ChartChangeListener.java,52
ChartProgressEvent.java,115
ChartProgressEventType.java,45
ChartProgressListener.java,49
MarkerChangeEvent.java,63
MarkerChangeListener.java,50
package-info.java,6
PlotChangeEvent.java,64
PlotChangeListener.java,50
RendererChangeEvent.java,87
RendererChangeListener.java,49
TitleChangeEvent.java,61
TitleChangeListener.java,50
DynamicDriveToolTipTagFragmentGenerator.java,86
ImageMapUtils.java,239
OverLIBToolTipTagFragmentGenerator.java,69
package-info.java,4
StandardToolTipTagFragmentGenerator.java,65
StandardURLTagFragmentGenerator.java,66
ToolTipTagFragmentGenerator.java,61
URLTagFragmentGenerator.java,62
Args.java,114
ArrayUtils.java,188
CloneUtils.java,174
HashUtils.java,192
LineUtils.java,151
package-info.java,4
PaintUtils.java,201
SerialUtils.java,634
ShapeUtils.java,489
AbstractCategoryItemLabelGenerator.java,286
AbstractPieItemLabelGenerator.java,213
AbstractXYItemLabelGenerator.java,315
BoxAndWhiskerToolTipGenerator.java,133
BoxAndWhiskerXYToolTipGenerator.java,142
BubbleXYItemLabelGenerator.java,242
CategoryItemLabelGenerator.java,77
CategorySeriesLabelGenerator.java,56
CategoryToolTipGenerator.java,61
CrosshairLabelGenerator.java,50
CustomXYToolTipGenerator.java,169
FlowLabelGenerator.java,54
HighLowItemLabelGenerator.java,198
IntervalCategoryItemLabelGenerator.java,122
IntervalCategoryToolTipGenerator.java,141
IntervalXYItemLabelGenerator.java,247
IntervalXYToolTipGenerator.java,243
ItemLabelAnchor.java,92
ItemLabelPosition.java,170
MultipleXYSeriesLabelGenerator.java,212
package-info.java,4
PieSectionLabelGenerator.java,85
PieToolTipGenerator.java,54
StandardCategoryItemLabelGenerator.java,133
StandardCategorySeriesLabelGenerator.java,144
StandardCategoryToolTipGenerator.java,119
StandardCrosshairLabelGenerator.java,137
StandardFlowLabelGenerator.java,115
StandardPieSectionLabelGenerator.java,230
StandardPieToolTipGenerator.java,129
StandardXYItemLabelGenerator.java,173
StandardXYSeriesLabelGenerator.java,151
StandardXYToolTipGenerator.java,174
StandardXYZToolTipGenerator.java,231
SymbolicXYItemLabelGenerator.java,156
XYItemLabelGenerator.java,54
XYSeriesLabelGenerator.java,57
XYToolTipGenerator.java,53
XYZToolTipGenerator.java,53
LegendGraphic.java,683
LegendItem.java,983
LegendItemBlockContainer.java,170
LegendItemCollection.java,142
LegendItemSource.java,50
LegendRenderingOrder.java,45
LegendTitle.java,617
package-info.java,4
PaintScaleLegend.java,662
CategoryCrosshairState.java,157
CategoryMarker.java,174
CategoryPlot.java,4523
CenterTextMode.java,47
CombinedDomainCategoryPlot.java,613
CombinedDomainXYPlot.java,691
CombinedRangeCategoryPlot.java,515
CombinedRangeXYPlot.java,646
Crosshair.java,674
CrosshairState.java,324
DatasetRenderingOrder.java,60
DefaultDrawingSupplier.java,463
DialShape.java,48
DrawingSupplier.java,88
FastScatterPlot.java,974
IntervalMarker.java,197
Marker.java,603
MeterInterval.java,198
MeterPlot.java,1163
package-info.java,4
Pannable.java,80
Plot.java,1319
PlotOrientation.java,65
PlotRenderingInfo.java,264
PlotState.java,61
PolarAxisLocation.java,62
PolarPlot.java,1841
RingPlot.java,630
SeriesRenderingOrder.java,58
SpiderWebPlot.java,1281
ThermometerPlot.java,1444
ValueAxisPlot.java,53
ValueMarker.java,135
WaferMapPlot.java,389
XYCrosshairState.java,52
XYPlot.java,4981
Zoomable.java,151
ArrowNeedle.java,156
CompassPlot.java,776
LineNeedle.java,110
LongNeedle.java,161
MeterNeedle.java,376
MiddlePinNeedle.java,132
package-info.java,4
PinNeedle.java,130
PlumNeedle.java,120
PointerNeedle.java,140
ShipNeedle.java,119
WindNeedle.java,109
AbstractDialLayer.java,193
ArcDialFrame.java,467
DialBackground.java,242
DialCap.java,305
DialFrame.java,59
DialLayer.java,102
DialLayerChangeEvent.java,62
DialLayerChangeListener.java,51
DialPlot.java,752
DialPointer.java,562
DialScale.java,63
DialTextAnnotation.java,361
DialValueIndicator.java,690
package-info.java,4
StandardDialFrame.java,322
StandardDialRange.java,391
StandardDialScale.java,918
FlowPlot.java,755
package-info.java,4
AbstractPieLabelDistributor.java,96
MultiplePiePlot.java,574
package-info.java,4
PieLabelDistributor.java,198
PieLabelLinkStyle.java,48
PieLabelRecord.java,253
PiePlot.java,2921
PiePlotState.java,239
AbstractRenderer.java,2774
AreaRendererEndType.java,58
DefaultPolarItemRenderer.java,840
GrayPaintScale.java,203
LookupPaintScale.java,344
NotOutlierException.java,57
Outlier.java,196
OutlierList.java,156
OutlierListCollection.java,157
package-info.java,4
PaintScale.java,73
PolarItemRenderer.java,182
RendererState.java,103
RendererUtils.java,247
WaferMapRenderer.java,344
AbstractCategoryItemRenderer.java,1542
AreaRenderer.java,299
BarPainter.java,84
BarRenderer.java,1200
BoxAndWhiskerRenderer.java,1012
CategoryItemRenderer.java,1439
CategoryItemRendererState.java,186
CategoryStepRenderer.java,324
DefaultCategoryItemRenderer.java,52
GanttRenderer.java,555
GradientBarPainter.java,340
GroupedStackedBarRenderer.java,332
IntervalBarRenderer.java,220
LayeredBarRenderer.java,428
LevelRenderer.java,403
LineAndShapeRenderer.java,774
MinMaxCategoryRenderer.java,493
package-info.java,4
ScatterRenderer.java,534
StackedAreaRenderer.java,438
StackedBarRenderer.java,346
StandardBarPainter.java,202
StatisticalBarRenderer.java,518
StatisticalLineAndShapeRenderer.java,426
WaterfallBarRenderer.java,429
AbstractXYItemRenderer.java,1524
CandlestickRenderer.java,818
ClusteredXYBarRenderer.java,328
CyclicXYItemRenderer.java,437
DefaultXYItemRenderer.java,52
DeviationRenderer.java,342
DeviationStepRenderer.java,282
GradientXYBarPainter.java,339
HighLowRenderer.java,448
package-info.java,4
SamplingXYLineRenderer.java,333
StackedXYAreaRenderer.java,609
StackedXYAreaRenderer2.java,493
StackedXYBarRenderer.java,374
StandardXYBarPainter.java,202
StandardXYItemRenderer.java,902
VectorRenderer.java,314
WindItemRenderer.java,157
XYAreaRenderer.java,649
XYAreaRenderer2.java,392
XYBarPainter.java,80
XYBarRenderer.java,1084
XYBlockRenderer.java,484
XYBoxAndWhiskerRenderer.java,733
XYBubbleRenderer.java,311
XYDifferenceRenderer.java,1057
XYDotRenderer.java,336
XYErrorRenderer.java,415
XYItemRenderer.java,1327
XYItemRendererState.java,182
XYLineAndShapeRenderer.java,1078
XYShapeRenderer.java,562
XYSplineRenderer.java,463
XYStepAreaRenderer.java,565
XYStepRenderer.java,316
YIntervalRenderer.java,277
AbstractOverlay.java,101
ApplicationFrame.java,114
ChartFrame.java,83
ChartMouseEvent.java,96
ChartMouseListener.java,59
ChartPanel.java,2750
CrosshairOverlay.java,567
DefaultSelectionZoomStrategy.java,239
MouseWheelHandler.java,139
NumberCellRenderer.java,78
Overlay.java,78
OverlayChangeEvent.java,50
OverlayChangeListener.java,48
package-info.java,4
PolarChartPanel.java,215
SelectionZoomStrategy.java,160
UIUtils.java,181
ChartEditor.java,52
ChartEditorFactory.java,50
ChartEditorManager.java,81
DefaultAxisEditor.java,443
DefaultChartEditor.java,233
DefaultChartEditorFactory.java,58
DefaultLogAxisEditor.java,148
DefaultNumberAxisEditor.java,151
DefaultPlotEditor.java,561
DefaultPolarPlotEditor.java,187
DefaultTitleEditor.java,253
DefaultValueAxisEditor.java,367
FontChooserPanel.java,182
FontDisplayField.java,86
LCBLayout.java,236
package-info.java,4
PaintSample.java,100
StrokeChooserPanel.java,83
StrokeSample.java,146
AttributedStringUtils.java,88
G2TextMeasurer.java,63
package-info.java,4
TextAnchor.java,145
TextBlock.java,272
TextBlockAnchor.java,55
TextBox.java,378
TextFragment.java,268
TextLine.java,222
TextMeasurer.java,44
TextUtils.java,699
HexNumberFormat.java,136
HMSNumberFormat.java,105
LogFormat.java,222
package-info.java,4
RelativeDateFormat.java,501
CompositeTitle.java,223
DateTitle.java,154
ImageTitle.java,330
package-info.java,4
ShortTextTitle.java,223
TextTitle.java,800
Title.java,396
CategoryURLGenerator.java,73
CustomCategoryURLGenerator.java,179
CustomPieURLGenerator.java,204
CustomXYURLGenerator.java,193
package-info.java,4
PieURLGenerator.java,64
StandardCategoryURLGenerator.java,179
StandardPieURLGenerator.java,151
StandardXYURLGenerator.java,140
StandardXYZURLGenerator.java,60
TimeSeriesURLGenerator.java,183
XYURLGenerator.java,66
XYZURLGenerator.java,61
AttrStringUtils.java,299
DefaultShadowGenerator.java,284
DirectionalGradientPaintTransformer.java,125
ExportUtils.java,211
GradientPaintTransformer.java,47
GradientPaintTransformType.java,40
package-info.java,4
PaintAlpha.java,355
ShadowGenerator.java,68
StandardGradientPaintTransformer.java,156
StringUtils.java,87
ComparableObjectItem.java,153
ComparableObjectSeries.java,426
DataUtils.java,247
DefaultKeyedValue.java,149
DefaultKeyedValues.java,413
DefaultKeyedValues2D.java,507
DomainInfo.java,74
DomainOrder.java,47
ItemKey.java,47
KeyedObject.java,135
KeyedObjects.java,315
KeyedObjects2D.java,462
KeyedValue.java,50
KeyedValueComparator.java,151
KeyedValueComparatorType.java,52
KeyedValues.java,89
KeyedValues2D.java,103
KeyedValues2DItemKey.java,141
KeyedValuesItemKey.java,107
KeyToGroupMap.java,287
Range.java,424
RangeInfo.java,70
RangeType.java,53
UnknownKeyException.java,53
Value.java,52
Values.java,59
Values2D.java,69
CategoryDataset.java,65
CategoryRangeInfo.java,62
CategoryToPieDataset.java,302
DefaultCategoryDataset.java,412
DefaultIntervalCategoryDataset.java,742
IntervalCategoryDataset.java,87
SlidingCategoryDataset.java,348
DefaultFlowDataset.java,350
FlowDataset.java,123
FlowDatasetUtils.java,194
FlowKey.java,156
NodeKey.java,140
package-info.java,4
Function2D.java,54
LineFunction2D.java,121
NormalDistributionFunction2D.java,129
PolynomialFunction2D.java,117
PowerFunction2D.java,121
GanttCategoryDataset.java,160
SlidingGanttCategoryDataset.java,617
Task.java,229
TaskSeries.java,184
TaskSeriesCollection.java,633
XYTaskDataset.java,445
AbstractDataset.java,221
AbstractSeriesDataset.java,100
Dataset.java,57
DatasetChangeEvent.java,80
DatasetChangeListener.java,57
DatasetUtils.java,2326
DefaultHeatMapDataset.java,307
DefaultKeyedValueDataset.java,181
DefaultKeyedValues2DDataset.java,57
DefaultKeyedValuesDataset.java,46
DefaultPieDataset.java,323
DefaultValueDataset.java,128
HeatMapDataset.java,141
HeatMapUtils.java,119
KeyedValueDataset.java,47
KeyedValues2DDataset.java,47
KeyedValuesDataset.java,43
PieDataset.java,49
Series.java,221
SeriesChangeEvent.java,58
SeriesChangeListener.java,54
SeriesDataset.java,78
SeriesException.java,58
ValueDataset.java,47
WaferMapDataset.java,273
CSV.java,186
JSONUtils.java,187
package-info.java,4
JSONArray.java,144
JSONAware.java,41
JSONObject.java,175
JSONStreamAware.java,46
JSONValue.java,314
package-info.java,4
DataPackageResources.java,62
DataPackageResources_de.java,62
DataPackageResources_es.java,62
DataPackageResources_fr.java,61
DataPackageResources_pl.java,63
DataPackageResources_ru.java,59
BoxAndWhiskerCalculator.java,199
BoxAndWhiskerCategoryDataset.java,218
BoxAndWhiskerItem.java,263
BoxAndWhiskerXYDataset.java,165
DefaultBoxAndWhiskerCategoryDataset.java,869
DefaultBoxAndWhiskerXYDataset.java,523
DefaultMultiValueCategoryDataset.java,380
DefaultStatisticalCategoryDataset.java,684
HistogramBin.java,156
HistogramDataset.java,465
HistogramType.java,52
MeanAndStandardDeviation.java,164
MultiValueCategoryDataset.java,66
Regression.java,330
SimpleHistogramBin.java,259
SimpleHistogramDataset.java,452
StatisticalCategoryDataset.java,80
Statistics.java,420
DateRange.java,147
Day.java,435
DynamicTimeSeriesCollection.java,860
FixedMillisecond.java,260
Hour.java,443
Millisecond.java,412
Minute.java,448
Month.java,495
MovingAverage.java,296
Quarter.java,440
RegularTimePeriod.java,361
Second.java,420
SimpleTimePeriod.java,201
TimePeriod.java,57
TimePeriodAnchor.java,48
TimePeriodFormatException.java,49
TimePeriodValue.java,168
TimePeriodValues.java,425
TimePeriodValuesCollection.java,411
TimeSeries.java,1172
TimeSeriesCollection.java,663
TimeSeriesDataItem.java,190
TimeSeriesTableModel.java,240
TimeTableXYDataset.java,561
Week.java,595
Year.java,368
OHLC.java,144
OHLCItem.java,129
OHLCSeries.java,127
OHLCSeriesCollection.java,454
CategoryDatasetHandler.java,121
CategorySeriesHandler.java,134
DatasetReader.java,161
DatasetTags.java,57
ItemHandler.java,151
KeyHandler.java,141
PieDatasetHandler.java,121
RootHandler.java,114
ValueHandler.java,147
AbstractIntervalXYDataset.java,116
AbstractXYDataset.java,90
AbstractXYZDataset.java,60
CategoryTableXYDataset.java,383
DefaultHighLowDataset.java,398
DefaultIntervalXYDataset.java,525
DefaultOHLCDataset.java,320
DefaultTableXYDataset.java,582
DefaultWindDataset.java,394
DefaultXYDataset.java,359
DefaultXYZDataset.java,402
IntervalXYDataset.java,137
IntervalXYDelegate.java,436
IntervalXYZDataset.java,97
MatrixSeries.java,200
MatrixSeriesCollection.java,272
NormalizedMatrixSeries.java,131
OHLCDataItem.java,182
OHLCDataset.java,149
TableXYDataset.java,57
Vector.java,135
VectorDataItem.java,117
VectorSeries.java,162
VectorSeriesCollection.java,303
VectorXYDataset.java,73
WindDataset.java,67
XIntervalDataItem.java,104
XIntervalSeries.java,162
XIntervalSeriesCollection.java,360
XisSymbolic.java,72
XYBarDataset.java,355
XYCoordinate.java,155
XYDataItem.java,222
XYDataset.java,108
XYDatasetTableModel.java,241
XYDomainInfo.java,55
XYInterval.java,143
XYIntervalDataItem.java,134
XYIntervalSeries.java,189
XYIntervalSeriesCollection.java,357
XYItemKey.java,138
XYRangeInfo.java,56
XYSeries.java,892
XYSeriesCollection.java,708
XYZDataset.java,60
YInterval.java,112
YIntervalDataItem.java,103
YIntervalSeries.java,163
YIntervalSeriesCollection.java,321
YisSymbolic.java,73
YWithXInterval.java,116
AreaChartTest.java,167
BarChartTest.java,165
ChartRenderingInfoTest.java,117
GanttChartTest.java,266
JFreeChartTest.java,409
LegendItemCollectionTest.java,109
LegendItemTest.java,315
LineChartTest.java,162
MeterChartTest.java,69
PieChartTest.java,104
ScatterPlotTest.java,153
StackedAreaChartTest.java,161
StackedBarChartTest.java,163
StandardChartThemeTest.java,236
TestUtils.java,171
TimeSeriesChartTest.java,153
WaterfallChartTest.java,125
XYAreaChartTest.java,152
XYBarChartTest.java,156
XYLineChartTest.java,153
XYStepAreaChartTest.java,152
XYStepChartTest.java,164
CategoryLineAnnotationTest.java,166
CategoryPointerAnnotationTest.java,157
CategoryTextAnnotationTest.java,117
TextAnnotationTest.java,161
XYBoxAnnotationTest.java,202
XYDrawableAnnotationTest.java,177
XYImageAnnotationTest.java,114
XYLineAnnotationTest.java,181
XYPointerAnnotationTest.java,157
XYPolygonAnnotationTest.java,145
XYShapeAnnotationTest.java,157
XYTextAnnotationTest.java,161
XYTitleAnnotationTest.java,142
RectangleAlignmentTest.java,87
AxisLocationTest.java,79
AxisSpaceTest.java,96
AxisTest.java,236
CategoryAnchorTest.java,77
CategoryAxisTest.java,177
CategoryLabelPositionsTest.java,161
CategoryLabelPositionTest.java,132
CategoryLabelWidthTypeTest.java,76
CategoryTickTest.java,127
CyclicNumberAxisTest.java,122
DateAxisTest.java,1045
DateTickMarkPositionTest.java,78
DateTickTest.java,122
DateTickUnitTest.java,75
ExtendedCategoryAxisTest.java,137
LogarithmicAxisTest.java,205
LogAxisTest.java,253
MarkerAxisBandTest.java,98
ModuloAxisTest.java,90
MonthDateFormatTest.java,129
NumberAxisTest.java,357
NumberTickUnitTest.java,91
PeriodAxisLabelInfoTest.java,169
PeriodAxisTest.java,254
QuarterDateFormatTest.java,112
StandardTickUnitSourceTest.java,63
SubCategoryAxisTest.java,136
SymbolAxisTest.java,97
TickUnitsTest.java,80
ValueAxisTest.java,213
AbstractBlockTest.java,125
BlockBorderTest.java,93
BlockContainerTest.java,85
BorderArrangementTest.java,711
ColorBlockTest.java,106
ColumnArrangementTest.java,100
EmptyBlockTest.java,89
FlowArrangementTest.java,100
GridArrangementTest.java,268
LabelBlockTest.java,120
LineBorderTest.java,97
RectangleConstraintTest.java,118
CategoryItemEntityTest.java,111
CategoryLabelEntityTest.java,97
FlowEntityTest.java,94
LegendItemEntityTest.java,100
PieSectionEntityTest.java,112
StandardEntityCollectionTest.java,100
TickLabelEntityTest.java,91
XYItemEntityTest.java,104
DynamicDriveToolTipTagFragmentGeneratorTest.java,61
ImageMapUtilsTest.java,107
OverLIBToolTipTagFragmentGeneratorTest.java,61
StandardToolTipTagFragmentGeneratorTest.java,59
StandardURLTagFragmentGeneratorTest.java,60
ArgsTest.java,54
CloneUtilsTest.java,78
HashUtilsTest.java,57
LineUtilsTest.java,120
SerialUtilsTest.java,110
ShapeUtilsTest.java,120
BoxAndWhiskerToolTipGeneratorTest.java,111
BoxAndWhiskerXYToolTipGeneratorTest.java,131
BubbleXYItemLabelGeneratorTest.java,166
CustomXYItemLabelGeneratorTest.java,87
HighLowItemLabelGeneratorTest.java,109
IntervalCategoryItemLabelGeneratorTest.java,117
IntervalCategoryToolTipGeneratorTest.java,131
ItemLabelAnchorTest.java,61
ItemLabelPositionTest.java,67
MultipleXYSeriesLabelGeneratorTest.java,113
StandardCategoryItemLabelGeneratorTest.java,157
StandardCategorySeriesLabelGeneratorTest.java,121
StandardCategoryToolTipGeneratorTest.java,136
StandardFlowLabelGeneratorTest.java,64
StandardPieSectionLabelGeneratorTest.java,137
StandardPieToolTipGeneratorTest.java,128
StandardXYItemLabelGeneratorTest.java,160
StandardXYSeriesLabelGeneratorTest.java,120
StandardXYToolTipGeneratorTest.java,137
StandardXYZToolTipGeneratorTest.java,154
SymbolicXYItemLabelGeneratorTest.java,96
LegendGraphicTest.java,196
LegendTitleTest.java,135
PaintScaleLegendTest.java,154
CategoryMarkerTest.java,174
CategoryPlotTest.java,1118
CombinedDomainCategoryPlotTest.java,242
CombinedDomainXYPlotTest.java,249
CombinedRangeCategoryPlotTest.java,241
CombinedRangeXYPlotTest.java,241
CrosshairTest.java,164
DefaultDrawingSupplierTest.java,169
FastScatterPlotTest.java,200
IntervalMarkerTest.java,131
MarkerTest.java,366
MeterIntervalTest.java,90
MeterPlotTest.java,217
MyPlotChangeListener.java,79
PlotOrientationTest.java,67
PlotRenderingInfoTest.java,104
PlotTest.java,150
PolarPlotTest.java,315
RingPlotTest.java,140
SpiderWebPlotTest.java,295
ThermometerPlotTest.java,171
ValueMarkerTest.java,201
XYPlotTest.java,1252
ArrowNeedleTest.java,79
CompassPlotTest.java,121
LineNeedleTest.java,75
LongNeedleTest.java,75
MeterNeedleTest.java,85
MiddlePinNeedleTest.java,75
PinNeedleTest.java,75
PlumNeedleTest.java,75
PointerNeedleTest.java,75
ShipNeedleTest.java,75
WindNeedleTest.java,75
AbstractDialLayerTest.java,91
ArcDialFrameTest.java,138
DialBackgroundTest.java,134
DialCapTest.java,144
DialPlotTest.java,248
DialPointerTest.java,148
DialTextAnnotationTest.java,133
DialValueIndicatorTest.java,176
MyDialLayerChangeListener.java,58
StandardDialFrameTest.java,123
StandardDialRangeTest.java,115
StandardDialScaleTest.java,231
FlowPlotTest.java,242
MultiplePiePlotTest.java,173
PieLabelRecordTest.java,105
PiePlotTest.java,597
AbstractRendererTest.java,690
AreaRendererEndTypeTest.java,65
DefaultPolarItemRendererTest.java,94
GrayPaintScaleTest.java,119
LookupPaintScaleTest.java,166
OutlierTest.java,98
RendererChangeDetector.java,83
RendererUtilsTest.java,341
AbstractCategoryItemRendererTest.java,295
AreaRendererTest.java,138
BarRendererTest.java,264
BoxAndWhiskerRendererTest.java,494
CategoryStepRendererTest.java,119
DefaultCategoryItemRendererTest.java,97
GanttRendererTest.java,120
GradientBarPainterTest.java,97
GroupedStackedBarRendererTest.java,158
IntervalBarRendererTest.java,154
LayeredBarRendererTest.java,136
LevelRendererTest.java,181
LineAndShapeRendererTest.java,250
MinMaxCategoryRendererTest.java,142
ScatterRendererTest.java,183
StackedAreaRendererTest.java,124
StackedBarRendererTest.java,125
StandardBarPainterTest.java,87
StatisticalBarRendererTest.java,258
StatisticalLineAndShapeRendererTest.java,176
WaterfallBarRendererTest.java,172
AbstractXYItemRendererTest.java,159
CandlestickRendererTest.java,195
ClusteredXYBarRendererTest.java,153
DeviationRendererTest.java,100
DeviationStepRendererTest.java,100
GradientXYBarPainterTest.java,97
HighLowRendererTest.java,157
RendererXYPackageUtils.java,81
StackedXYAreaRenderer2Test.java,158
StackedXYAreaRendererTest.java,201
StackedXYBarRendererTest.java,154
StandardXYBarPainterTest.java,87
StandardXYItemRendererTest.java,224
VectorRendererTest.java,102
WindItemRendererTest.java,94
XYAreaRenderer2Test.java,179
XYAreaRendererTest.java,216
XYBarRendererTest.java,321
XYBlockRendererTest.java,186
XYBoxAndWhiskerRendererTest.java,150
XYBubbleRendererTest.java,147
XYDifferenceRendererTest.java,180
XYDotRendererTest.java,153
XYErrorRendererTest.java,167
XYLineAndShapeRendererTest.java,262
XYShapeRendererTest.java,159
XYSplineRendererTest.java,119
XYStepAreaRendererTest.java,157
XYStepRendererTest.java,174
YIntervalRendererTest.java,212
ChartPanelTest.java,330
CrosshairOverlayTest.java,87
HMSNumberFormatTest.java,53
LogFormatTest.java,103
RelativeDateFormatTest.java,191
CompositeTitleTest.java,140
DateTitleTest.java,105
ImageTitleTest.java,119
ShortTextTitleTest.java,90
TextTitleTest.java,137
TitleTest.java,84
CustomCategoryURLGeneratorTest.java,143
CustomPieURLGeneratorTest.java,103
CustomXYURLGeneratorTest.java,143
StandardCategoryURLGeneratorTest.java,106
StandardPieURLGeneratorTest.java,110
StandardXYURLGeneratorTest.java,64
TimeSeriesURLGeneratorTest.java,116
ComparableObjectItemTest.java,117
ComparableObjectSeriesTest.java,184
DatasetChangeConfirmation.java,48
DataUtilsTest.java,213
DefaultKeyedValues2DTest.java,295
DefaultKeyedValuesTest.java,428
DefaultKeyedValueTest.java,117
DomainOrderTest.java,83
KeyedObjects2DTest.java,348
KeyedObjectsTest.java,313
KeyedObjectTest.java,107
KeyToGroupMapTest.java,211
RangeTest.java,300
RangeTypeTest.java,83
CategoryToPieDatasetTest.java,196
DefaultCategoryDatasetTest.java,335
DefaultIntervalCategoryDatasetTest.java,418
SlidingCategoryDatasetTest.java,240
DefaultFlowDatasetTest.java,116
FlowKeyTest.java,82
NodeKeyTest.java,84
LineFunction2DTest.java,87
NormalDistributionFunction2DTest.java,93
PolynomialFunction2DTest.java,122
PowerFunction2DTest.java,86
SlidingGanttCategoryDatasetTest.java,160
TaskSeriesCollectionTest.java,574
TaskSeriesTest.java,108
TaskTest.java,110
XYTaskDatasetTest.java,121
DatasetUtilsTest.java,1341
DefaultHeatMapDatasetTest.java,165
DefaultKeyedValueDatasetTest.java,97
DefaultKeyedValues2DDatasetTest.java,74
DefaultKeyedValuesDatasetTest.java,73
DefaultPieDatasetTest.java,159
IntervalDataItem.java,59
TestIntervalCategoryDataset.java,434
TestIntervalXYZDataset.java,133
BoxAndWhiskerCalculatorTest.java,147
BoxAndWhiskerItemTest.java,68
DefaultBoxAndWhiskerCategoryDatasetTest.java,242
DefaultBoxAndWhiskerXYDatasetTest.java,156
DefaultMultiValueCategoryDatasetTest.java,218
DefaultStatisticalCategoryDatasetTest.java,238
HistogramBinTest.java,80
HistogramDatasetTest.java,221
MeanAndStandardDeviationTest.java,79
RegressionTest.java,213
SimpleHistogramBinTest.java,143
SimpleHistogramDatasetTest.java,108
StatisticsTest.java,397
DateRangeTest.java,94
DayTest.java,510
FixedMillisecondTest.java,87
HourTest.java,463
MillisecondTest.java,458
MinuteTest.java,438
MonthTest.java,525
MovingAverageTest.java,89
QuarterTest.java,546
SecondTest.java,430
SimpleTimePeriodTest.java,156
TimePeriodAnchorTest.java,62
TimePeriodValuesCollectionTest.java,176
TimePeriodValuesTest.java,267
TimePeriodValueTest.java,81
TimeSeriesCollectionTest.java,410
TimeSeriesDataItemTest.java,85
TimeSeriesTest.java,1005
TimeTableXYDatasetTest.java,143
WeekTest.java,639
YearTest.java,465
OHLCItemTest.java,126
OHLCSeriesCollectionTest.java,215
OHLCSeriesTest.java,226
OHLCTest.java,98
CategoryTableXYDatasetTest.java,162
DefaultHighLowDatasetTest.java,161
DefaultIntervalXYDatasetTest.java,318
DefaultOHLCDatasetTest.java,135
DefaultTableXYDatasetTest.java,171
DefaultWindDatasetTest.java,167
DefaultXYDatasetTest.java,195
DefaultXYZDatasetTest.java,201
IntervalXYDelegateTest.java,103
MatrixSeriesCollectionTest.java,103
MatrixSeriesTest.java,144
OHLCDataItemTest.java,74
TableXYDatasetTest.java,235
VectorDataItemTest.java,104
VectorSeriesCollectionTest.java,136
VectorSeriesTest.java,246
VectorTest.java,92
XIntervalDataItemTest.java,107
XIntervalSeriesCollectionTest.java,164
XIntervalSeriesTest.java,264
XYBarDatasetTest.java,118
XYCoordinateTest.java,92
XYDataItemTest.java,79
XYIntervalDataItemTest.java,124
XYIntervalSeriesCollectionTest.java,158
XYIntervalSeriesTest.java,256
XYIntervalTest.java,90
XYSeriesCollectionTest.java,416
XYSeriesTest.java,672
YIntervalDataItemTest.java,112
YIntervalSeriesCollectionTest.java,150
YIntervalSeriesTest.java,242
YIntervalTest.java,82
YWithXIntervalTest.java,82
