File path,Total non-comment lines
module-info.java,40
ChartColor.java,70
ChartElement.java,4
ChartElementVisitor.java,4
ChartFactory.java,1000
ChartHints.java,25
ChartRenderingInfo.java,97
ChartTheme.java,4
ChartTransferable.java,102
ChartUtils.java,235
Drawable.java,6
JFreeChart.java,780
package-info.java,1
StandardChartTheme.java,947
AbstractAnnotation.java,68
AbstractXYAnnotation.java,77
Annotation.java,7
CategoryAnnotation.java,10
CategoryLineAnnotation.java,198
CategoryPointerAnnotation.java,237
CategoryTextAnnotation.java,123
package-info.java,1
TextAnnotation.java,137
XYAnnotation.java,11
XYAnnotationBoundsInfo.java,7
XYBoxAnnotation.java,176
XYDataImageAnnotation.java,159
XYDrawableAnnotation.java,143
XYImageAnnotation.java,134
XYLineAnnotation.java,180
XYPointerAnnotation.java,252
XYPolygonAnnotation.java,171
XYShapeAnnotation.java,152
XYTextAnnotation.java,282
XYTitleAnnotation.java,212
HorizontalAlignment.java,6
Layer.java,5
LengthAdjustmentType.java,6
package-info.java,1
PublicCloneable.java,5
RectangleAlignment.java,80
RectangleAnchor.java,95
RectangleEdge.java,42
RectangleInsets.java,245
Rotation.java,12
SortOrder.java,5
TableOrder.java,5
UnitType.java,5
VerticalAlignment.java,6
XYCoordinateType.java,6
Axis.java,789
AxisCollection.java,49
AxisLabelLocation.java,6
AxisLocation.java,26
AxisSpace.java,189
AxisState.java,66
CategoryAnchor.java,6
CategoryAxis.java,726
CategoryLabelPosition.java,99
CategoryLabelPositions.java,217
CategoryLabelWidthType.java,5
CategoryTick.java,55
CompassFormat.java,48
CyclicNumberAxis.java,653
DateAxis.java,1063
DateTick.java,42
DateTickMarkPosition.java,6
DateTickUnit.java,140
DateTickUnitType.java,18
ExtendedCategoryAxis.java,106
LogarithmicAxis.java,561
LogAxis.java,565
LogTick.java,14
MarkerAxisBand.java,133
ModuloAxis.java,215
MonthDateFormat.java,98
NumberAxis.java,597
NumberTick.java,19
NumberTickUnit.java,55
NumberTickUnitSource.java,157
package-info.java,1
PeriodAxis.java,670
PeriodAxisLabelInfo.java,158
QuarterDateFormat.java,81
StandardTickUnitSource.java,39
SubCategoryAxis.java,233
SymbolAxis.java,423
Tick.java,65
TickType.java,5
TickUnit.java,64
TickUnits.java,72
TickUnitSource.java,6
Timeline.java,11
ValueAxis.java,767
ValueTick.java,42
AbstractBlock.java,259
Arrangement.java,7
Block.java,13
BlockBorder.java,101
BlockContainer.java,126
BlockFrame.java,9
BlockParams.java,30
BlockResult.java,15
BorderArrangement.java,382
CenterArrangement.java,140
ColorBlock.java,72
ColumnArrangement.java,208
EmptyBlock.java,33
EntityBlockParams.java,4
EntityBlockResult.java,5
FlowArrangement.java,234
GridArrangement.java,242
LabelBlock.java,179
LengthConstraintType.java,6
LineBorder.java,118
package-info.java,1
RectangleConstraint.java,149
Size2D.java,59
MonthConstants.java,15
package-info.java,1
SerialDate.java,355
SpreadsheetDate.java,175
EncoderUtil.java,53
ImageEncoder.java,13
ImageEncoderFactory.java,52
ImageFormat.java,6
package-info.java,1
SunJPEGEncoderAdapter.java,59
SunPNGEncoderAdapter.java,36
AxisEntity.java,79
CategoryItemEntity.java,65
CategoryLabelEntity.java,45
ChartEntity.java,181
EntityCollection.java,13
FlowEntity.java,38
JFreeChartEntity.java,79
LegendItemEntity.java,56
NodeEntity.java,23
package-info.java,1
PieSectionEntity.java,81
PlotEntity.java,79
StandardEntityCollection.java,86
TickLabelEntity.java,10
TitleEntity.java,79
XYAnnotationEntity.java,35
XYItemEntity.java,56
AnnotationChangeEvent.java,14
AnnotationChangeListener.java,6
AxisChangeEvent.java,12
AxisChangeListener.java,5
ChartChangeEvent.java,34
ChartChangeEventType.java,6
ChartChangeListener.java,5
ChartProgressEvent.java,35
ChartProgressEventType.java,5
ChartProgressListener.java,5
MarkerChangeEvent.java,12
MarkerChangeListener.java,6
package-info.java,1
PlotChangeEvent.java,12
PlotChangeListener.java,5
RendererChangeEvent.java,19
RendererChangeListener.java,5
TitleChangeEvent.java,12
TitleChangeListener.java,5
DynamicDriveToolTipTagFragmentGenerator.java,20
ImageMapUtils.java,123
OverLIBToolTipTagFragmentGenerator.java,13
package-info.java,1
StandardToolTipTagFragmentGenerator.java,12
StandardURLTagFragmentGenerator.java,11
ToolTipTagFragmentGenerator.java,4
URLTagFragmentGenerator.java,8
Args.java,34
ArrayUtils.java,106
CloneUtils.java,89
HashUtils.java,65
LineUtils.java,84
package-info.java,1
PaintUtils.java,117
SerialUtils.java,418
ShapeUtils.java,262
AbstractCategoryItemLabelGenerator.java,135
AbstractPieItemLabelGenerator.java,103
AbstractXYItemLabelGenerator.java,155
BoxAndWhiskerToolTipGenerator.java,52
BoxAndWhiskerXYToolTipGenerator.java,57
BubbleXYItemLabelGenerator.java,115
CategoryItemLabelGenerator.java,7
CategorySeriesLabelGenerator.java,5
CategoryToolTipGenerator.java,5
CrosshairLabelGenerator.java,5
CustomXYToolTipGenerator.java,77
FlowLabelGenerator.java,6
HighLowItemLabelGenerator.java,106
IntervalCategoryItemLabelGenerator.java,54
IntervalCategoryToolTipGenerator.java,64
IntervalXYItemLabelGenerator.java,128
IntervalXYToolTipGenerator.java,124
ItemLabelAnchor.java,28
ItemLabelPosition.java,76
MultipleXYSeriesLabelGenerator.java,112
package-info.java,1
PieSectionLabelGenerator.java,11
PieToolTipGenerator.java,5
StandardCategoryItemLabelGenerator.java,47
StandardCategorySeriesLabelGenerator.java,57
StandardCategoryToolTipGenerator.java,43
StandardCrosshairLabelGenerator.java,57
StandardFlowLabelGenerator.java,47
StandardPieSectionLabelGenerator.java,85
StandardPieToolTipGenerator.java,37
StandardXYItemLabelGenerator.java,58
StandardXYSeriesLabelGenerator.java,58
StandardXYToolTipGenerator.java,59
StandardXYZToolTipGenerator.java,109
SymbolicXYItemLabelGenerator.java,70
XYItemLabelGenerator.java,5
XYSeriesLabelGenerator.java,5
XYToolTipGenerator.java,5
XYZToolTipGenerator.java,5
LegendGraphic.java,334
LegendItem.java,444
LegendItemBlockContainer.java,69
LegendItemCollection.java,56
LegendItemSource.java,5
LegendRenderingOrder.java,5
LegendTitle.java,347
package-info.java,1
PaintScaleLegend.java,392
CategoryCrosshairState.java,64
CategoryMarker.java,69
CategoryPlot.java,2415
CenterTextMode.java,6
CombinedDomainCategoryPlot.java,358
CombinedDomainXYPlot.java,396
CombinedRangeCategoryPlot.java,307
CombinedRangeXYPlot.java,371
Crosshair.java,298
CrosshairState.java,109
DatasetRenderingOrder.java,5
DefaultDrawingSupplier.java,276
DialShape.java,6
DrawingSupplier.java,12
FastScatterPlot.java,507
IntervalMarker.java,82
Marker.java,268
MeterInterval.java,89
MeterPlot.java,643
package-info.java,1
Pannable.java,11
Plot.java,656
PlotOrientation.java,11
PlotRenderingInfo.java,117
PlotState.java,14
PolarAxisLocation.java,11
PolarPlot.java,988
RingPlot.java,331
SeriesRenderingOrder.java,5
SpiderWebPlot.java,677
ThermometerPlot.java,764
ValueAxisPlot.java,6
ValueMarker.java,43
WaferMapPlot.java,237
XYCrosshairState.java,6
XYPlot.java,2732
Zoomable.java,18
ArrowNeedle.java,78
CompassPlot.java,438
LineNeedle.java,41
LongNeedle.java,87
MeterNeedle.java,178
MiddlePinNeedle.java,61
package-info.java,1
PinNeedle.java,59
PlumNeedle.java,51
PointerNeedle.java,70
ShipNeedle.java,49
WindNeedle.java,45
AbstractDialLayer.java,74
ArcDialFrame.java,228
DialBackground.java,100
DialCap.java,131
DialFrame.java,7
DialLayer.java,14
DialLayerChangeEvent.java,12
DialLayerChangeListener.java,5
DialPlot.java,373
DialPointer.java,279
DialScale.java,5
DialTextAnnotation.java,159
DialValueIndicator.java,327
package-info.java,1
StandardDialFrame.java,149
StandardDialRange.java,181
StandardDialScale.java,417
FlowPlot.java,455
package-info.java,1
AbstractPieLabelDistributor.java,24
MultiplePiePlot.java,355
package-info.java,1
PieLabelDistributor.java,106
PieLabelLinkStyle.java,6
PieLabelRecord.java,114
PiePlot.java,1547
PiePlotState.java,81
AbstractRenderer.java,1235
AreaRendererEndType.java,6
DefaultPolarItemRenderer.java,487
GrayPaintScale.java,82
LookupPaintScale.java,179
NotOutlierException.java,6
Outlier.java,70
OutlierList.java,49
OutlierListCollection.java,49
package-info.java,1
PaintScale.java,8
PolarItemRenderer.java,35
RendererState.java,31
RendererUtils.java,153
WaferMapRenderer.java,204
AbstractCategoryItemRenderer.java,925
AreaRenderer.java,192
BarPainter.java,11
BarRenderer.java,683
BoxAndWhiskerRenderer.java,596
CategoryItemRenderer.java,170
CategoryItemRendererState.java,64
CategoryStepRenderer.java,174
DefaultCategoryItemRenderer.java,7
GanttRenderer.java,351
GradientBarPainter.java,214
GroupedStackedBarRenderer.java,218
IntervalBarRenderer.java,117
LayeredBarRenderer.java,291
LevelRenderer.java,222
LineAndShapeRenderer.java,379
MinMaxCategoryRenderer.java,268
package-info.java,1
ScatterRenderer.java,269
StackedAreaRenderer.java,284
StackedBarRenderer.java,216
StandardBarPainter.java,106
StatisticalBarRenderer.java,342
StatisticalLineAndShapeRenderer.java,269
WaterfallBarRenderer.java,261
AbstractXYItemRenderer.java,974
CandlestickRenderer.java,429
ClusteredXYBarRenderer.java,200
CyclicXYItemRenderer.java,249
DefaultXYItemRenderer.java,6
DeviationRenderer.java,168
DeviationStepRenderer.java,173
GradientXYBarPainter.java,214
HighLowRenderer.java,243
package-info.java,1
SamplingXYLineRenderer.java,170
StackedXYAreaRenderer.java,335
StackedXYAreaRenderer2.java,325
StackedXYBarRenderer.java,224
StandardXYBarPainter.java,106
StandardXYItemRenderer.java,466
VectorRenderer.java,207
WindItemRenderer.java,84
XYAreaRenderer.java,387
XYAreaRenderer2.java,234
XYBarPainter.java,11
XYBarRenderer.java,623
XYBlockRenderer.java,258
XYBoxAndWhiskerRenderer.java,434
XYBubbleRenderer.java,192
XYDifferenceRenderer.java,708
XYDotRenderer.java,169
XYErrorRenderer.java,213
XYItemRenderer.java,169
XYItemRendererState.java,37
XYLineAndShapeRenderer.java,521
XYShapeRenderer.java,272
XYSplineRenderer.java,258
XYStepAreaRenderer.java,293
XYStepRenderer.java,167
YIntervalRenderer.java,142
AbstractOverlay.java,32
ApplicationFrame.java,35
ChartFrame.java,25
ChartMouseEvent.java,28
ChartMouseListener.java,7
ChartPanel.java,1575
CrosshairOverlay.java,398
DefaultSelectionZoomStrategy.java,156
MouseWheelHandler.java,65
NumberCellRenderer.java,30
Overlay.java,7
OverlayChangeEvent.java,7
OverlayChangeListener.java,5
package-info.java,1
PolarChartPanel.java,116
SelectionZoomStrategy.java,24
UIUtils.java,85
ChartEditor.java,6
ChartEditorFactory.java,5
ChartEditorManager.java,18
DefaultAxisEditor.java,221
DefaultChartEditor.java,143
DefaultChartEditorFactory.java,10
DefaultLogAxisEditor.java,82
DefaultNumberAxisEditor.java,97
DefaultPlotEditor.java,365
DefaultPolarPlotEditor.java,110
DefaultTitleEditor.java,155
DefaultValueAxisEditor.java,226
FontChooserPanel.java,113
FontDisplayField.java,29
LCBLayout.java,147
package-info.java,1
PaintSample.java,43
StrokeChooserPanel.java,30
StrokeSample.java,72
AttributedStringUtils.java,43
G2TextMeasurer.java,18
package-info.java,1
TextAnchor.java,51
TextBlock.java,137
TextBlockAnchor.java,12
TextBox.java,204
TextFragment.java,126
TextLine.java,108
TextMeasurer.java,4
TextUtils.java,393
HexNumberFormat.java,46
HMSNumberFormat.java,32
LogFormat.java,98
package-info.java,1
RelativeDateFormat.java,229
CompositeTitle.java,97
DateTitle.java,37
ImageTitle.java,176
package-info.java,1
ShortTextTitle.java,119
TextTitle.java,469
Title.java,180
CategoryURLGenerator.java,6
CustomCategoryURLGenerator.java,88
CustomPieURLGenerator.java,95
CustomXYURLGenerator.java,89
package-info.java,1
PieURLGenerator.java,5
StandardCategoryURLGenerator.java,86
StandardPieURLGenerator.java,70
StandardXYURLGenerator.java,58
StandardXYZURLGenerator.java,9
TimeSeriesURLGenerator.java,90
XYURLGenerator.java,5
XYZURLGenerator.java,5
AttrStringUtils.java,182
DefaultShadowGenerator.java,158
DirectionalGradientPaintTransformer.java,48
ExportUtils.java,112
GradientPaintTransformer.java,6
GradientPaintTransformType.java,7
package-info.java,1
PaintAlpha.java,138
ShadowGenerator.java,7
StandardGradientPaintTransformer.java,79
StringUtils.java,25
ComparableObjectItem.java,56
ComparableObjectSeries.java,209
DataUtils.java,126
DefaultKeyedValue.java,56
DefaultKeyedValues.java,203
DefaultKeyedValues2D.java,255
DomainInfo.java,6
DomainOrder.java,6
ItemKey.java,4
KeyedObject.java,56
KeyedObjects.java,149
KeyedObjects2D.java,244
KeyedValue.java,4
KeyedValueComparator.java,84
KeyedValueComparatorType.java,5
KeyedValues.java,8
KeyedValues2D.java,12
KeyedValues2DItemKey.java,72
KeyedValuesItemKey.java,49
KeyToGroupMap.java,162
Range.java,196
RangeInfo.java,6
RangeType.java,6
UnknownKeyException.java,6
Value.java,4
Values.java,5
Values2D.java,6
CategoryDataset.java,6
CategoryRangeInfo.java,7
CategoryToPieDataset.java,155
DefaultCategoryDataset.java,146
DefaultIntervalCategoryDataset.java,380
IntervalCategoryDataset.java,8
SlidingCategoryDataset.java,152
DefaultFlowDataset.java,181
FlowDataset.java,14
FlowDatasetUtils.java,93
FlowKey.java,66
NodeKey.java,56
package-info.java,1
Function2D.java,4
LineFunction2D.java,42
NormalDistributionFunction2D.java,50
PolynomialFunction2D.java,38
PowerFunction2D.java,42
GanttCategoryDataset.java,15
SlidingGanttCategoryDataset.java,283
Task.java,98
TaskSeries.java,79
TaskSeriesCollection.java,316
XYTaskDataset.java,203
AbstractDataset.java,70
AbstractSeriesDataset.java,28
Dataset.java,5
DatasetChangeEvent.java,11
DatasetChangeListener.java,5
DatasetUtils.java,1459
DefaultHeatMapDataset.java,136
DefaultKeyedValueDataset.java,78
DefaultKeyedValues2DDataset.java,8
DefaultKeyedValuesDataset.java,5
DefaultPieDataset.java,127
DefaultValueDataset.java,42
HeatMapDataset.java,13
HeatMapUtils.java,50
KeyedValueDataset.java,4
KeyedValues2DDataset.java,4
KeyedValuesDataset.java,4
PieDataset.java,5
Series.java,79
SeriesChangeEvent.java,9
SeriesChangeListener.java,5
SeriesDataset.java,11
SeriesException.java,8
ValueDataset.java,4
WaferMapDataset.java,109
CSV.java,96
JSONUtils.java,102
package-info.java,1
JSONArray.java,72
JSONAware.java,4
JSONObject.java,85
JSONStreamAware.java,6
JSONValue.java,156
package-info.java,1
DataPackageResources.java,12
DataPackageResources_de.java,12
DataPackageResources_es.java,12
DataPackageResources_fr.java,12
DataPackageResources_pl.java,12
DataPackageResources_ru.java,12
BoxAndWhiskerCalculator.java,110
BoxAndWhiskerCategoryDataset.java,24
BoxAndWhiskerItem.java,125
BoxAndWhiskerXYDataset.java,17
DefaultBoxAndWhiskerCategoryDataset.java,412
DefaultBoxAndWhiskerXYDataset.java,239
DefaultMultiValueCategoryDataset.java,196
DefaultStatisticalCategoryDataset.java,363
HistogramBin.java,62
HistogramDataset.java,213
HistogramType.java,6
MeanAndStandardDeviation.java,65
MultiValueCategoryDataset.java,8
Regression.java,223
SimpleHistogramBin.java,130
SimpleHistogramDataset.java,188
StatisticalCategoryDataset.java,9
Statistics.java,234
DateRange.java,44
Day.java,187
DynamicTimeSeriesCollection.java,402
FixedMillisecond.java,111
Hour.java,197
Millisecond.java,194
Minute.java,207
Month.java,239
MovingAverage.java,165
Quarter.java,198
RegularTimePeriod.java,110
Second.java,196
SimpleTimePeriod.java,91
TimePeriod.java,6
TimePeriodAnchor.java,6
TimePeriodFormatException.java,6
TimePeriodValue.java,66
TimePeriodValues.java,221
TimePeriodValuesCollection.java,207
TimeSeries.java,606
TimeSeriesCollection.java,323
TimeSeriesDataItem.java,66
TimeSeriesTableModel.java,127
TimeTableXYDataset.java,230
Week.java,302
Year.java,141
OHLC.java,59
OHLCItem.java,51
OHLCSeries.java,38
OHLCSeriesCollection.java,187
CategoryDatasetHandler.java,48
CategorySeriesHandler.java,56
DatasetReader.java,74
DatasetTags.java,9
ItemHandler.java,62
KeyHandler.java,53
PieDatasetHandler.java,45
RootHandler.java,39
ValueHandler.java,60
AbstractIntervalXYDataset.java,41
AbstractXYDataset.java,28
AbstractXYZDataset.java,13
CategoryTableXYDataset.java,143
DefaultHighLowDataset.java,155
DefaultIntervalXYDataset.java,197
DefaultOHLCDataset.java,128
DefaultTableXYDataset.java,293
DefaultWindDataset.java,186
DefaultXYDataset.java,148
DefaultXYZDataset.java,158
IntervalXYDataset.java,11
IntervalXYDelegate.java,180
IntervalXYZDataset.java,10
MatrixSeries.java,75
MatrixSeriesCollection.java,108
NormalizedMatrixSeries.java,35
OHLCDataItem.java,77
OHLCDataset.java,13
TableXYDataset.java,4
Vector.java,48
VectorDataItem.java,36
VectorSeries.java,44
VectorSeriesCollection.java,115
VectorXYDataset.java,6
WindDataset.java,5
XIntervalDataItem.java,34
XIntervalSeries.java,40
XIntervalSeriesCollection.java,140
XisSymbolic.java,6
XYBarDataset.java,125
XYCoordinate.java,71
XYDataItem.java,93
XYDataset.java,11
XYDatasetTableModel.java,73
XYDomainInfo.java,6
XYInterval.java,58
XYIntervalDataItem.java,56
XYIntervalSeries.java,49
XYIntervalSeriesCollection.java,132
XYItemKey.java,70
XYRangeInfo.java,6
XYSeries.java,425
XYSeriesCollection.java,371
XYZDataset.java,5
YInterval.java,41
YIntervalDataItem.java,37
YIntervalSeries.java,39
YIntervalSeriesCollection.java,122
YisSymbolic.java,6
YWithXInterval.java,41
AreaChartTest.java,96
BarChartTest.java,93
ChartRenderingInfoTest.java,65
GanttChartTest.java,174
JFreeChartTest.java,295
LegendItemCollectionTest.java,56
LegendItemTest.java,257
LineChartTest.java,89
MeterChartTest.java,22
PieChartTest.java,38
ScatterPlotTest.java,84
StackedAreaChartTest.java,90
StackedBarChartTest.java,92
StandardChartThemeTest.java,160
TestUtils.java,102
TimeSeriesChartTest.java,84
WaterfallChartTest.java,66
XYAreaChartTest.java,83
XYBarChartTest.java,87
XYLineChartTest.java,84
XYStepAreaChartTest.java,83
XYStepChartTest.java,93
CategoryLineAnnotationTest.java,107
CategoryPointerAnnotationTest.java,96
CategoryTextAnnotationTest.java,61
TextAnnotationTest.java,92
XYBoxAnnotationTest.java,140
XYDrawableAnnotationTest.java,103
XYImageAnnotationTest.java,3
XYLineAnnotationTest.java,128
XYPointerAnnotationTest.java,96
XYPolygonAnnotationTest.java,91
XYShapeAnnotationTest.java,100
XYTextAnnotationTest.java,100
XYTitleAnnotationTest.java,87
RectangleAlignmentTest.java,46
AxisLocationTest.java,32
AxisSpaceTest.java,44
AxisTest.java,165
CategoryAnchorTest.java,30
CategoryAxisTest.java,109
CategoryLabelPositionsTest.java,114
CategoryLabelPositionTest.java,85
CategoryLabelWidthTypeTest.java,29
CategoryTickTest.java,77
CyclicNumberAxisTest.java,66
DateAxisTest.java,840
DateTickMarkPositionTest.java,31
DateTickTest.java,73
DateTickUnitTest.java,28
ExtendedCategoryAxisTest.java,79
LogarithmicAxisTest.java,124
LogAxisTest.java,174
MarkerAxisBandTest.java,51
ModuloAxisTest.java,40
MonthDateFormatTest.java,74
NumberAxisTest.java,220
NumberTickUnitTest.java,41
PeriodAxisLabelInfoTest.java,116
PeriodAxisTest.java,180
QuarterDateFormatTest.java,62
StandardTickUnitSourceTest.java,19
SubCategoryAxisTest.java,78
SymbolAxisTest.java,50
TickUnitsTest.java,33
ValueAxisTest.java,139
AbstractBlockTest.java,78
BlockBorderTest.java,44
BlockContainerTest.java,38
BorderArrangementTest.java,522
ColorBlockTest.java,58
ColumnArrangementTest.java,53
EmptyBlockTest.java,42
FlowArrangementTest.java,53
GridArrangementTest.java,176
LabelBlockTest.java,73
LineBorderTest.java,50
RectangleConstraintTest.java,68
CategoryItemEntityTest.java,64
CategoryLabelEntityTest.java,50
FlowEntityTest.java,45
LegendItemEntityTest.java,53
PieSectionEntityTest.java,65
StandardEntityCollectionTest.java,52
TickLabelEntityTest.java,44
XYItemEntityTest.java,57
DynamicDriveToolTipTagFragmentGeneratorTest.java,16
ImageMapUtilsTest.java,59
OverLIBToolTipTagFragmentGeneratorTest.java,16
StandardToolTipTagFragmentGeneratorTest.java,14
StandardURLTagFragmentGeneratorTest.java,15
ArgsTest.java,16
CloneUtilsTest.java,30
HashUtilsTest.java,16
LineUtilsTest.java,78
SerialUtilsTest.java,72
ShapeUtilsTest.java,65
BoxAndWhiskerToolTipGeneratorTest.java,55
BoxAndWhiskerXYToolTipGeneratorTest.java,74
BubbleXYItemLabelGeneratorTest.java,107
CustomXYItemLabelGeneratorTest.java,39
HighLowItemLabelGeneratorTest.java,56
IntervalCategoryItemLabelGeneratorTest.java,64
IntervalCategoryToolTipGeneratorTest.java,75
ItemLabelAnchorTest.java,17
ItemLabelPositionTest.java,18
MultipleXYSeriesLabelGeneratorTest.java,58
StandardCategoryItemLabelGeneratorTest.java,97
StandardCategorySeriesLabelGeneratorTest.java,65
StandardCategoryToolTipGeneratorTest.java,80
StandardFlowLabelGeneratorTest.java,20
StandardPieSectionLabelGeneratorTest.java,84
StandardPieToolTipGeneratorTest.java,75
StandardXYItemLabelGeneratorTest.java,103
StandardXYSeriesLabelGeneratorTest.java,64
StandardXYToolTipGeneratorTest.java,83
StandardXYZToolTipGeneratorTest.java,93
SymbolicXYItemLabelGeneratorTest.java,43
LegendGraphicTest.java,127
LegendTitleTest.java,84
PaintScaleLegendTest.java,94
CategoryMarkerTest.java,109
CategoryPlotTest.java,905
CombinedDomainCategoryPlotTest.java,161
CombinedDomainXYPlotTest.java,163
CombinedRangeCategoryPlotTest.java,161
CombinedRangeXYPlotTest.java,157
CrosshairTest.java,111
DefaultDrawingSupplierTest.java,111
FastScatterPlotTest.java,139
IntervalMarkerTest.java,73
MarkerTest.java,244
MeterIntervalTest.java,43
MeterPlotTest.java,144
MyPlotChangeListener.java,19
PlotOrientationTest.java,21
PlotRenderingInfoTest.java,56
PlotTest.java,90
PolarPlotTest.java,260
RingPlotTest.java,87
SpiderWebPlotTest.java,213
ThermometerPlotTest.java,111
ValueMarkerTest.java,140
XYPlotTest.java,994
ArrowNeedleTest.java,32
CompassPlotTest.java,67
LineNeedleTest.java,28
LongNeedleTest.java,28
MeterNeedleTest.java,44
MiddlePinNeedleTest.java,28
PinNeedleTest.java,28
PlumNeedleTest.java,28
PointerNeedleTest.java,28
ShipNeedleTest.java,28
WindNeedleTest.java,28
AbstractDialLayerTest.java,39
ArcDialFrameTest.java,79
DialBackgroundTest.java,75
DialCapTest.java,84
DialPlotTest.java,172
DialPointerTest.java,85
DialTextAnnotationTest.java,73
DialValueIndicatorTest.java,109
MyDialLayerChangeListener.java,8
StandardDialFrameTest.java,67
StandardDialRangeTest.java,60
StandardDialScaleTest.java,155
FlowPlotTest.java,180
MultiplePiePlotTest.java,110
PieLabelRecordTest.java,58
PiePlotTest.java,467
AbstractRendererTest.java,552
AreaRendererEndTypeTest.java,21
DefaultPolarItemRendererTest.java,44
GrayPaintScaleTest.java,64
LookupPaintScaleTest.java,108
OutlierTest.java,44
RendererChangeDetector.java,19
RendererUtilsTest.java,233
AbstractCategoryItemRendererTest.java,209
AreaRendererTest.java,80
BarRendererTest.java,183
BoxAndWhiskerRendererTest.java,387
CategoryStepRendererTest.java,62
DefaultCategoryItemRendererTest.java,44
GanttRendererTest.java,67
GradientBarPainterTest.java,46
GroupedStackedBarRendererTest.java,96
IntervalBarRendererTest.java,89
LayeredBarRendererTest.java,75
LevelRendererTest.java,107
LineAndShapeRendererTest.java,177
MinMaxCategoryRendererTest.java,82
ScatterRendererTest.java,115
StackedAreaRendererTest.java,67
StackedBarRendererTest.java,68
StandardBarPainterTest.java,36
StatisticalBarRendererTest.java,169
StatisticalLineAndShapeRendererTest.java,108
WaterfallBarRendererTest.java,72
AbstractXYItemRendererTest.java,95
CandlestickRendererTest.java,125
ClusteredXYBarRendererTest.java,90
DeviationRendererTest.java,46
DeviationStepRendererTest.java,46
GradientXYBarPainterTest.java,46
HighLowRendererTest.java,94
RendererXYPackageUtils.java,31
StackedXYAreaRenderer2Test.java,96
StackedXYAreaRendererTest.java,136
StackedXYBarRendererTest.java,93
StandardXYBarPainterTest.java,36
StandardXYItemRendererTest.java,160
VectorRendererTest.java,47
WindItemRendererTest.java,41
XYAreaRenderer2Test.java,115
XYAreaRendererTest.java,153
XYBarRendererTest.java,231
XYBlockRendererTest.java,114
XYBoxAndWhiskerRendererTest.java,92
XYBubbleRendererTest.java,90
XYDifferenceRendererTest.java,115
XYDotRendererTest.java,95
XYErrorRendererTest.java,97
XYLineAndShapeRendererTest.java,196
XYShapeRendererTest.java,103
XYSplineRendererTest.java,66
XYStepAreaRendererTest.java,97
XYStepRendererTest.java,110
YIntervalRendererTest.java,152
ChartPanelTest.java,216
CrosshairOverlayTest.java,40
HMSNumberFormatTest.java,15
LogFormatTest.java,53
RelativeDateFormatTest.java,127
CompositeTitleTest.java,83
DateTitleTest.java,55
ImageTitleTest.java,6
ShortTextTitleTest.java,40
TextTitleTest.java,81
TitleTest.java,39
CustomCategoryURLGeneratorTest.java,84
CustomPieURLGeneratorTest.java,51
CustomXYURLGeneratorTest.java,84
StandardCategoryURLGeneratorTest.java,55
StandardPieURLGeneratorTest.java,59
StandardXYURLGeneratorTest.java,19
TimeSeriesURLGeneratorTest.java,65
ComparableObjectItemTest.java,60
ComparableObjectSeriesTest.java,110
DatasetChangeConfirmation.java,10
DataUtilsTest.java,154
DefaultKeyedValues2DTest.java,210
DefaultKeyedValuesTest.java,308
DefaultKeyedValueTest.java,60
DomainOrderTest.java,36
KeyedObjects2DTest.java,263
KeyedObjectsTest.java,223
KeyedObjectTest.java,53
KeyToGroupMapTest.java,124
RangeTest.java,213
RangeTypeTest.java,36
CategoryToPieDatasetTest.java,118
DefaultCategoryDatasetTest.java,246
DefaultIntervalCategoryDatasetTest.java,304
SlidingCategoryDatasetTest.java,172
DefaultFlowDatasetTest.java,57
FlowKeyTest.java,35
NodeKeyTest.java,35
LineFunction2DTest.java,36
NormalDistributionFunction2DTest.java,42
PolynomialFunction2DTest.java,63
PowerFunction2DTest.java,35
SlidingGanttCategoryDatasetTest.java,108
TaskSeriesCollectionTest.java,430
TaskSeriesTest.java,57
TaskTest.java,60
XYTaskDatasetTest.java,72
DatasetUtilsTest.java,1045
DefaultHeatMapDatasetTest.java,108
DefaultKeyedValueDatasetTest.java,45
DefaultKeyedValues2DDatasetTest.java,28
DefaultKeyedValuesDatasetTest.java,28
DefaultPieDatasetTest.java,96
IntervalDataItem.java,20
TestIntervalCategoryDataset.java,193
TestIntervalXYZDataset.java,87
BoxAndWhiskerCalculatorTest.java,93
BoxAndWhiskerItemTest.java,24
DefaultBoxAndWhiskerCategoryDatasetTest.java,172
DefaultBoxAndWhiskerXYDatasetTest.java,97
DefaultMultiValueCategoryDatasetTest.java,152
DefaultStatisticalCategoryDatasetTest.java,159
HistogramBinTest.java,33
HistogramDatasetTest.java,141
MeanAndStandardDeviationTest.java,32
RegressionTest.java,134
SimpleHistogramBinTest.java,89
SimpleHistogramDatasetTest.java,54
StatisticsTest.java,296
DateRangeTest.java,43
DayTest.java,360
FixedMillisecondTest.java,36
HourTest.java,328
MillisecondTest.java,335
MinuteTest.java,318
MonthTest.java,374
MovingAverageTest.java,41
QuarterTest.java,388
SecondTest.java,314
SimpleTimePeriodTest.java,95
TimePeriodAnchorTest.java,18
TimePeriodValuesCollectionTest.java,109
TimePeriodValuesTest.java,172
TimePeriodValueTest.java,34
TimeSeriesCollectionTest.java,307
TimeSeriesDataItemTest.java,32
TimeSeriesTest.java,786
TimeTableXYDatasetTest.java,85
WeekTest.java,460
YearTest.java,328
OHLCItemTest.java,68
OHLCSeriesCollectionTest.java,138
OHLCSeriesTest.java,146
OHLCTest.java,48
CategoryTableXYDatasetTest.java,101
DefaultHighLowDatasetTest.java,111
DefaultIntervalXYDatasetTest.java,218
DefaultOHLCDatasetTest.java,78
DefaultTableXYDatasetTest.java,111
DefaultWindDatasetTest.java,91
DefaultXYDatasetTest.java,123
DefaultXYZDatasetTest.java,129
IntervalXYDelegateTest.java,56
MatrixSeriesCollectionTest.java,52
MatrixSeriesTest.java,88
OHLCDataItemTest.java,27
TableXYDatasetTest.java,139
VectorDataItemTest.java,53
VectorSeriesCollectionTest.java,80
VectorSeriesTest.java,160
VectorTest.java,41
XIntervalDataItemTest.java,53
XIntervalSeriesCollectionTest.java,100
XIntervalSeriesTest.java,174
XYBarDatasetTest.java,65
XYCoordinateTest.java,41
XYDataItemTest.java,32
XYIntervalDataItemTest.java,68
XYIntervalSeriesCollectionTest.java,95
XYIntervalSeriesTest.java,169
XYIntervalTest.java,43
XYSeriesCollectionTest.java,313
XYSeriesTest.java,512
YIntervalDataItemTest.java,53
YIntervalSeriesCollectionTest.java,89
YIntervalSeriesTest.java,158
YIntervalTest.java,35
YWithXIntervalTest.java,35
